date,reunion,course,hippodrome,course_nom,discipline,heure,num,cheval,statut,cote_reference,cote_directe,favori,source,maj
2026-07-07,R1,C1,CHANTILLY,SOLEIL BRETAGNE,PLAT,14:18,1,MASTER MAN,PARTANT,"5,2",4,,pmu,2026-07-07 14:27
2026-07-07,R1,C1,CHANTILLY,SOLEIL BRETAGNE,PLAT,14:18,2,JAMINUS,PARTANT,47,45,,pmu,2026-07-07 14:27
2026-07-07,R1,C1,CHANTILLY,SOLEIL BRETAGNE,PLAT,14:18,3,ROYAL RIZZI,PARTANT,13,11,,pmu,2026-07-07 14:27
2026-07-07,R1,C1,CHANTILLY,SOLEIL BRETAGNE,PLAT,14:18,4,JOROLINA,PARTANT,"1,2","1,4",,pmu,2026-07-07 14:27
2026-07-07,R1,C1,CHANTILLY,SOLEIL BRETAGNE,PLAT,14:18,5,SAY MY NAME,PARTANT,14,10,,pmu,2026-07-07 14:27
2026-07-07,R1,C1,CHANTILLY,SOLEIL BRETAGNE,PLAT,14:18,6,ETOILE D ARMOR,PARTANT,26,26,,pmu,2026-07-07 14:27
2026-07-07,R1,C2,CHANTILLY,FOSSE LA COQUE,PLAT,14:53,1,QUINTE FLUSH AAS,PARTANT,22,24,,pmu,2026-07-07 14:27
2026-07-07,R1,C2,CHANTILLY,FOSSE LA COQUE,PLAT,14:53,2,TOMAN,PARTANT,"3,2","3,4",,pmu,2026-07-07 14:27
2026-07-07,R1,C2,CHANTILLY,FOSSE LA COQUE,PLAT,14:53,3,SOL INDIGES,PARTANT,"5,7","5,1",,pmu,2026-07-07 14:27
2026-07-07,R1,C2,CHANTILLY,FOSSE LA COQUE,PLAT,14:53,4,MISTER ENGLAND,PARTANT,"9,1","8,2",,pmu,2026-07-07 14:27
2026-07-07,R1,C2,CHANTILLY,FOSSE LA COQUE,PLAT,14:53,5,SPIA CHOP,PARTANT,21,21,,pmu,2026-07-07 14:27
2026-07-07,R1,C2,CHANTILLY,FOSSE LA COQUE,PLAT,14:53,6,HELLO MAJOR TOM,PARTANT,16,17,,pmu,2026-07-07 14:27
2026-07-07,R1,C2,CHANTILLY,FOSSE LA COQUE,PLAT,14:53,7,AFFIRMATIF,PARTANT,11,11,,pmu,2026-07-07 14:27
2026-07-07,R1,C2,CHANTILLY,FOSSE LA COQUE,PLAT,14:53,8,WANAKA,PARTANT,15,15,,pmu,2026-07-07 14:27
2026-07-07,R1,C2,CHANTILLY,FOSSE LA COQUE,PLAT,14:53,9,JULIAN SCHNABEL,PARTANT,"3,8","3,8",,pmu,2026-07-07 14:27
2026-07-07,R1,C3,CHANTILLY,BUTTE BLANCHE,PLAT,15:28,1,MAGIEL,PARTANT,18,22,,pmu,2026-07-07 14:27
2026-07-07,R1,C3,CHANTILLY,BUTTE BLANCHE,PLAT,15:28,2,JEMAA EL FNA,PARTANT,13,13,,pmu,2026-07-07 14:27
2026-07-07,R1,C3,CHANTILLY,BUTTE BLANCHE,PLAT,15:28,3,BLACK THRILL,PARTANT,30,28,,pmu,2026-07-07 14:27
2026-07-07,R1,C3,CHANTILLY,BUTTE BLANCHE,PLAT,15:28,4,ROCCAPINA,NP,,,,pmu,2026-07-07 14:27
2026-07-07,R1,C3,CHANTILLY,BUTTE BLANCHE,PLAT,15:28,5,NOT AN ANGEL,PARTANT,13,10,,pmu,2026-07-07 14:27
2026-07-07,R1,C3,CHANTILLY,BUTTE BLANCHE,PLAT,15:28,6,VENEZIA QUEEN,PARTANT,"5,7","4,2",,pmu,2026-07-07 14:27
2026-07-07,R1,C3,CHANTILLY,BUTTE BLANCHE,PLAT,15:28,7,MOONA FAL,PARTANT,13,13,,pmu,2026-07-07 14:27
2026-07-07,R1,C3,CHANTILLY,BUTTE BLANCHE,PLAT,15:28,8,ILEOLA,PARTANT,25,19,,pmu,2026-07-07 14:27
2026-07-07,R1,C3,CHANTILLY,BUTTE BLANCHE,PLAT,15:28,9,LADY ARAVACA,PARTANT,"3,1","3,4",,pmu,2026-07-07 14:27
2026-07-07,R1,C3,CHANTILLY,BUTTE BLANCHE,PLAT,15:28,10,TOFU,PARTANT,"4,5","3,8",,pmu,2026-07-07 14:27
2026-07-07,R1,C4,CHANTILLY,RTE DU DINDON,PLAT,16:03,1,GAIDAR,PARTANT,2,"2,1",,pmu,2026-07-07 14:27
2026-07-07,R1,C4,CHANTILLY,RTE DU DINDON,PLAT,16:03,2,ALCOTAN,PARTANT,11,"9,3",,pmu,2026-07-07 14:27
2026-07-07,R1,C4,CHANTILLY,RTE DU DINDON,PLAT,16:03,3,KINGDOM,PARTANT,"8,1","9,9",,pmu,2026-07-07 14:27
2026-07-07,R1,C4,CHANTILLY,RTE DU DINDON,PLAT,16:03,4,DRUIDE,PARTANT,"4,1","3,3",,pmu,2026-07-07 14:27
2026-07-07,R1,C4,CHANTILLY,RTE DU DINDON,PLAT,16:03,5,MURRAY,NP,,,,pmu,2026-07-07 14:27
2026-07-07,R1,C4,CHANTILLY,RTE DU DINDON,PLAT,16:03,6,PARTENIT,PARTANT,"7,3","8,4",,pmu,2026-07-07 14:27
2026-07-07,R1,C4,CHANTILLY,RTE DU DINDON,PLAT,16:03,7,IFFROCTA FAL,PARTANT,12,14,,pmu,2026-07-07 14:27
2026-07-07,R1,C5,CHANTILLY,BIBL. THEATRE,PLAT,16:38,1,MELBORA,PARTANT,"9,4",10,,pmu,2026-07-07 14:27
2026-07-07,R1,C5,CHANTILLY,BIBL. THEATRE,PLAT,16:38,2,XIOMARA,PARTANT,21,18,,pmu,2026-07-07 14:27
2026-07-07,R1,C5,CHANTILLY,BIBL. THEATRE,PLAT,16:38,3,GUILLERETTE,PARTANT,"6,6","7,1",,pmu,2026-07-07 14:27
2026-07-07,R1,C5,CHANTILLY,BIBL. THEATRE,PLAT,16:38,4,GOLDEN DISC,PARTANT,"5,3","5,5",,pmu,2026-07-07 14:27
2026-07-07,R1,C5,CHANTILLY,BIBL. THEATRE,PLAT,16:38,5,CAHAGNES,PARTANT,21,22,,pmu,2026-07-07 14:27
2026-07-07,R1,C5,CHANTILLY,BIBL. THEATRE,PLAT,16:38,6,MAPLE TAFFY,PARTANT,25,23,,pmu,2026-07-07 14:27
2026-07-07,R1,C5,CHANTILLY,BIBL. THEATRE,PLAT,16:38,7,DARK ZEL,PARTANT,"9,3","9,5",,pmu,2026-07-07 14:27
2026-07-07,R1,C5,CHANTILLY,BIBL. THEATRE,PLAT,16:38,8,HAVANA SIX,NP,,,,pmu,2026-07-07 14:27
2026-07-07,R1,C5,CHANTILLY,BIBL. THEATRE,PLAT,16:38,9,LA FERRETCAPIENNE,PARTANT,22,21,,pmu,2026-07-07 14:27
2026-07-07,R1,C5,CHANTILLY,BIBL. THEATRE,PLAT,16:38,10,FROMONTINE,PARTANT,"9,7","9,4",,pmu,2026-07-07 14:27
2026-07-07,R1,C5,CHANTILLY,BIBL. THEATRE,PLAT,16:38,11,SIMANCAS,PARTANT,"6,4","6,1",,pmu,2026-07-07 14:27
2026-07-07,R1,C5,CHANTILLY,BIBL. THEATRE,PLAT,16:38,12,HONGUEMARE,PARTANT,15,15,,pmu,2026-07-07 14:27
2026-07-07,R1,C5,CHANTILLY,BIBL. THEATRE,PLAT,16:38,13,JOYCE GALESTE,PARTANT,11,11,,pmu,2026-07-07 14:27
2026-07-07,R1,C5,CHANTILLY,BIBL. THEATRE,PLAT,16:38,14,NEOWISE,PARTANT,40,36,,pmu,2026-07-07 14:27
2026-07-07,R1,C6,CHANTILLY,D' APREMONT,PLAT,17:13,1,GREY WOLF,PARTANT,32,40,,pmu,2026-07-07 14:27
2026-07-07,R1,C6,CHANTILLY,D' APREMONT,PLAT,17:13,2,RUN VICTORIA,PARTANT,13,14,,pmu,2026-07-07 14:27
2026-07-07,R1,C6,CHANTILLY,D' APREMONT,PLAT,17:13,3,DAR ES SALAAM,PARTANT,"5,8","6,4",,pmu,2026-07-07 14:27
2026-07-07,R1,C6,CHANTILLY,D' APREMONT,PLAT,17:13,4,BACHEROVKA,PARTANT,"5,3","5,8",,pmu,2026-07-07 14:27
2026-07-07,R1,C6,CHANTILLY,D' APREMONT,PLAT,17:13,5,AVEC DES SI,PARTANT,13,13,,pmu,2026-07-07 14:27
2026-07-07,R1,C6,CHANTILLY,D' APREMONT,PLAT,17:13,6,PIETRA FORTUNATA,PARTANT,"6,1","4,6",,pmu,2026-07-07 14:27
2026-07-07,R1,C6,CHANTILLY,D' APREMONT,PLAT,17:13,7,ANDRESY,PARTANT,25,30,,pmu,2026-07-07 14:27
2026-07-07,R1,C6,CHANTILLY,D' APREMONT,PLAT,17:13,8,HALSEY,PARTANT,14,11,,pmu,2026-07-07 14:27
2026-07-07,R1,C6,CHANTILLY,D' APREMONT,PLAT,17:13,9,BAGATELLE,PARTANT,30,30,,pmu,2026-07-07 14:27
2026-07-07,R1,C6,CHANTILLY,D' APREMONT,PLAT,17:13,10,ZERO STRESS,PARTANT,13,13,,pmu,2026-07-07 14:27
2026-07-07,R1,C6,CHANTILLY,D' APREMONT,PLAT,17:13,11,CHARISMATIC GOLD,PARTANT,20,23,,pmu,2026-07-07 14:27
2026-07-07,R1,C6,CHANTILLY,D' APREMONT,PLAT,17:13,12,HAPP'INES,PARTANT,21,24,,pmu,2026-07-07 14:27
2026-07-07,R1,C6,CHANTILLY,D' APREMONT,PLAT,17:13,13,DONNALUCATA,PARTANT,"6,4","6,8",,pmu,2026-07-07 14:27
2026-07-07,R1,C7,CHANTILLY,DE FLEURUS,PLAT,17:48,1,BLACK THUNDER,PARTANT,"8,9","9,3",,pmu,2026-07-07 14:27
2026-07-07,R1,C7,CHANTILLY,DE FLEURUS,PLAT,17:48,2,STUDEN KLADENETS,PARTANT,28,23,,pmu,2026-07-07 14:27
2026-07-07,R1,C7,CHANTILLY,DE FLEURUS,PLAT,17:48,3,LACALAS,PARTANT,15,16,,pmu,2026-07-07 14:27
2026-07-07,R1,C7,CHANTILLY,DE FLEURUS,PLAT,17:48,4,ARTOA,PARTANT,"8,2","8,6",,pmu,2026-07-07 14:27
2026-07-07,R1,C7,CHANTILLY,DE FLEURUS,PLAT,17:48,5,EL VEGAS,PARTANT,14,15,,pmu,2026-07-07 14:27
2026-07-07,R1,C7,CHANTILLY,DE FLEURUS,PLAT,17:48,6,TIKI DREAMS,PARTANT,17,17,,pmu,2026-07-07 14:27
2026-07-07,R1,C7,CHANTILLY,DE FLEURUS,PLAT,17:48,7,SHAMBHALLA,PARTANT,"6,9","7,6",,pmu,2026-07-07 14:27
2026-07-07,R1,C7,CHANTILLY,DE FLEURUS,PLAT,17:48,8,RIGEL BLUE,PARTANT,10,"8,4",,pmu,2026-07-07 14:27
2026-07-07,R1,C7,CHANTILLY,DE FLEURUS,PLAT,17:48,9,GOLDEN FRIEND,PARTANT,"4,1","4,3",,pmu,2026-07-07 14:27
2026-07-07,R1,C7,CHANTILLY,DE FLEURUS,PLAT,17:48,10,VENT D'OR,PARTANT,54,54,,pmu,2026-07-07 14:27
2026-07-07,R1,C7,CHANTILLY,DE FLEURUS,PLAT,17:48,11,PRIORY ROSE,PARTANT,17,16,,pmu,2026-07-07 14:27
2026-07-07,R1,C7,CHANTILLY,DE FLEURUS,PLAT,17:48,12,STOP THE ROCK,PARTANT,60,59,,pmu,2026-07-07 14:27
2026-07-07,R1,C7,CHANTILLY,DE FLEURUS,PLAT,17:48,13,VALLOIRE,PARTANT,"9,6","8,4",,pmu,2026-07-07 14:27
2026-07-07,R1,C7,CHANTILLY,DE FLEURUS,PLAT,17:48,14,TAJMAWAN,PARTANT,43,45,,pmu,2026-07-07 14:27
2026-07-07,R1,C8,CHANTILLY,LE ROI SOLEIL,PLAT,18:30,1,TI AMO BELLO,PARTANT,16,15,,pmu,2026-07-07 14:27
2026-07-07,R1,C8,CHANTILLY,LE ROI SOLEIL,PLAT,18:30,2,MODELE ABSOLU,PARTANT,16,15,,pmu,2026-07-07 14:27
2026-07-07,R1,C8,CHANTILLY,LE ROI SOLEIL,PLAT,18:30,3,ANDEOL,PARTANT,14,13,,pmu,2026-07-07 14:27
2026-07-07,R1,C8,CHANTILLY,LE ROI SOLEIL,PLAT,18:30,4,INGEBORG,PARTANT,"9,5","9,8",,pmu,2026-07-07 14:27
2026-07-07,R1,C8,CHANTILLY,LE ROI SOLEIL,PLAT,18:30,5,ZELZARA,PARTANT,16,16,,pmu,2026-07-07 14:27
2026-07-07,R1,C8,CHANTILLY,LE ROI SOLEIL,PLAT,18:30,6,WARAMINI,NP,,,,pmu,2026-07-07 14:27
2026-07-07,R1,C8,CHANTILLY,LE ROI SOLEIL,PLAT,18:30,7,EGYPTIAN GLORY,PARTANT,"6,4","6,7",,pmu,2026-07-07 14:27
2026-07-07,R1,C8,CHANTILLY,LE ROI SOLEIL,PLAT,18:30,8,INCENTIVE VICTORY,PARTANT,13,13,,pmu,2026-07-07 14:27
2026-07-07,R1,C8,CHANTILLY,LE ROI SOLEIL,PLAT,18:30,9,VASUMATI,PARTANT,22,23,,pmu,2026-07-07 14:27
2026-07-07,R1,C8,CHANTILLY,LE ROI SOLEIL,PLAT,18:30,10,FLASH GIRL,PARTANT,21,20,,pmu,2026-07-07 14:27
2026-07-07,R1,C8,CHANTILLY,LE ROI SOLEIL,PLAT,18:30,11,RUE RECAMIER,PARTANT,12,12,,pmu,2026-07-07 14:27
2026-07-07,R1,C8,CHANTILLY,LE ROI SOLEIL,PLAT,18:30,12,EXTRAVAGANTE,PARTANT,21,22,,pmu,2026-07-07 14:27
2026-07-07,R1,C8,CHANTILLY,LE ROI SOLEIL,PLAT,18:30,13,THE LITTLE SWAN,PARTANT,20,21,,pmu,2026-07-07 14:27
2026-07-07,R1,C8,CHANTILLY,LE ROI SOLEIL,PLAT,18:30,14,AU DELA DES MERS,PARTANT,16,16,,pmu,2026-07-07 14:27
2026-07-07,R1,C8,CHANTILLY,LE ROI SOLEIL,PLAT,18:30,15,MISTER BLACK,PARTANT,"4,4","4,5",,pmu,2026-07-07 14:27
2026-07-07,R1,C8,CHANTILLY,LE ROI SOLEIL,PLAT,18:30,16,WARHOLM,PARTANT,30,31,,pmu,2026-07-07 14:27
2026-07-07,R2,C1,TONGRES,LETROT.COM,ATTELE,11:36,1,LUCKY DELCO,PARTANT,15,21,,pmu,2026-07-07 14:27
2026-07-07,R2,C1,TONGRES,LETROT.COM,ATTELE,11:36,2,LEGENDE DE TALA,PARTANT,"3,2","3,4",,pmu,2026-07-07 14:27
2026-07-07,R2,C1,TONGRES,LETROT.COM,ATTELE,11:36,3,LARS DE LUJO,PARTANT,"5,7","7,3",,pmu,2026-07-07 14:27
2026-07-07,R2,C1,TONGRES,LETROT.COM,ATTELE,11:36,4,MYSTERE D'ERPION,PARTANT,"7,1","4,6",,pmu,2026-07-07 14:27
2026-07-07,R2,C1,TONGRES,LETROT.COM,ATTELE,11:36,5,LORD OF JACK,PARTANT,26,40,,pmu,2026-07-07 14:27
2026-07-07,R2,C1,TONGRES,LETROT.COM,ATTELE,11:36,6,MISS TRAFO,PARTANT,"9,1",10,,pmu,2026-07-07 14:27
2026-07-07,R2,C1,TONGRES,LETROT.COM,ATTELE,11:36,7,LA LILLOISE,PARTANT,18,26,,pmu,2026-07-07 14:27
2026-07-07,R2,C1,TONGRES,LETROT.COM,ATTELE,11:36,8,LILA D'ERPION,PARTANT,"8,5","6,3",,pmu,2026-07-07 14:27
2026-07-07,R2,C1,TONGRES,LETROT.COM,ATTELE,11:36,9,JASMIN DE NAVARY,PARTANT,44,72,,pmu,2026-07-07 14:27
2026-07-07,R2,C1,TONGRES,LETROT.COM,ATTELE,11:36,10,MONSTER DU MONCEL,PARTANT,"7,5",7,,pmu,2026-07-07 14:27
2026-07-07,R2,C2,TONGRES,DU TOUQUET,ATTELE,12:08,1,NADAL SLIPPER,PARTANT,41,111,,pmu,2026-07-07 14:27
2026-07-07,R2,C2,TONGRES,DU TOUQUET,ATTELE,12:08,2,LEGENDE DU BERRE,PARTANT,37,63,,pmu,2026-07-07 14:27
2026-07-07,R2,C2,TONGRES,DU TOUQUET,ATTELE,12:08,3,NORTH SHORE,PARTANT,17,16,,pmu,2026-07-07 14:27
2026-07-07,R2,C2,TONGRES,DU TOUQUET,ATTELE,12:08,4,LOVE D'ERPION,PARTANT,"8,3","5,2",,pmu,2026-07-07 14:27
2026-07-07,R2,C2,TONGRES,DU TOUQUET,ATTELE,12:08,5,KARLO D,PARTANT,12,13,,pmu,2026-07-07 14:27
2026-07-07,R2,C2,TONGRES,DU TOUQUET,ATTELE,12:08,6,OH SJ'S LOVER,PARTANT,"1,9","3,7",,pmu,2026-07-07 14:27
2026-07-07,R2,C2,TONGRES,DU TOUQUET,ATTELE,12:08,7,SIMCO,PARTANT,22,23,,pmu,2026-07-07 14:27
2026-07-07,R2,C2,TONGRES,DU TOUQUET,ATTELE,12:08,8,MISS J.P.D'AVEL,PARTANT,13,"9,8",,pmu,2026-07-07 14:27
2026-07-07,R2,C2,TONGRES,DU TOUQUET,ATTELE,12:08,9,LERMINIG OLIVERIE,PARTANT,34,53,,pmu,2026-07-07 14:27
2026-07-07,R2,C2,TONGRES,DU TOUQUET,ATTELE,12:08,10,MARINO PONT ROYAL,PARTANT,"5,6","2,7",,pmu,2026-07-07 14:27
2026-07-07,R2,C2,TONGRES,DU TOUQUET,ATTELE,12:08,11,NEMO D'OR ST,NP,,,,pmu,2026-07-07 14:27
2026-07-07,R2,C2,TONGRES,DU TOUQUET,ATTELE,12:08,12,OLYMPIC UP,PARTANT,45,72,,pmu,2026-07-07 14:27
2026-07-07,R2,C3,TONGRES,D'ABBEVILLE,ATTELE,12:40,1,J'ATTENDS LOSEILLE,PARTANT,40,86,,pmu,2026-07-07 14:27
2026-07-07,R2,C3,TONGRES,D'ABBEVILLE,ATTELE,12:40,2,PERFECT ONE,PARTANT,"3,9","3,5",,pmu,2026-07-07 14:27
2026-07-07,R2,C3,TONGRES,D'ABBEVILLE,ATTELE,12:40,3,HARAS DANOVER,PARTANT,"8,1",13,,pmu,2026-07-07 14:27
2026-07-07,R2,C3,TONGRES,D'ABBEVILLE,ATTELE,12:40,4,SAM PIERJI,PARTANT,10,13,,pmu,2026-07-07 14:27
2026-07-07,R2,C3,TONGRES,D'ABBEVILLE,ATTELE,12:40,5,FLASH DE DUFFEL,PARTANT,30,55,,pmu,2026-07-07 14:27
2026-07-07,R2,C3,TONGRES,D'ABBEVILLE,ATTELE,12:40,6,GOLDEN DE JANA,PARTANT,17,28,,pmu,2026-07-07 14:27
2026-07-07,R2,C3,TONGRES,D'ABBEVILLE,ATTELE,12:40,7,NOX DE SPAGNIE,PARTANT,15,19,,pmu,2026-07-07 14:27
2026-07-07,R2,C3,TONGRES,D'ABBEVILLE,ATTELE,12:40,8,MYRTHE DES BOIS,PARTANT,"3,1","2,4",,pmu,2026-07-07 14:27
2026-07-07,R2,C3,TONGRES,D'ABBEVILLE,ATTELE,12:40,9,GRANDE MALICE,PARTANT,33,38,,pmu,2026-07-07 14:27
2026-07-07,R2,C3,TONGRES,D'ABBEVILLE,ATTELE,12:40,10,ISIDORE BONHEUR,PARTANT,51,90,,pmu,2026-07-07 14:27
2026-07-07,R2,C3,TONGRES,D'ABBEVILLE,ATTELE,12:40,11,NICE PRESENT,PARTANT,"6,8",6,,pmu,2026-07-07 14:27
2026-07-07,R2,C4,TONGRES,DE REIMS,ATTELE,13:14,1,SANG ROYAL REYSHOF,PARTANT,34,29,,pmu,2026-07-07 14:27
2026-07-07,R2,C4,TONGRES,DE REIMS,ATTELE,13:14,2,RATINA HOUBLONNIER,PARTANT,42,98,,pmu,2026-07-07 14:27
2026-07-07,R2,C4,TONGRES,DE REIMS,ATTELE,13:14,3,MAYDAYMAYDAY,PARTANT,"8,5",6,,pmu,2026-07-07 14:27
2026-07-07,R2,C4,TONGRES,DE REIMS,ATTELE,13:14,4,HASTALUEGO DU GEER TF,PARTANT,40,125,,pmu,2026-07-07 14:27
2026-07-07,R2,C4,TONGRES,DE REIMS,ATTELE,13:14,5,ROY,PARTANT,33,95,,pmu,2026-07-07 14:27
2026-07-07,R2,C4,TONGRES,DE REIMS,ATTELE,13:14,6,MUNGIA D'IRATY,PARTANT,23,104,,pmu,2026-07-07 14:27
2026-07-07,R2,C4,TONGRES,DE REIMS,ATTELE,13:14,7,SPEEDRIDER DE YH,PARTANT,29,33,,pmu,2026-07-07 14:27
2026-07-07,R2,C4,TONGRES,DE REIMS,ATTELE,13:14,8,PEGASUS MJ,PARTANT,17,44,,pmu,2026-07-07 14:27
2026-07-07,R2,C4,TONGRES,DE REIMS,ATTELE,13:14,9,RITE ON LINE  E,PARTANT,43,116,,pmu,2026-07-07 14:27
2026-07-07,R2,C4,TONGRES,DE REIMS,ATTELE,13:14,10,POKER FACE,PARTANT,29,44,,pmu,2026-07-07 14:27
2026-07-07,R2,C4,TONGRES,DE REIMS,ATTELE,13:14,11,JAGUAR DANOVER,PARTANT,13,"8,9",,pmu,2026-07-07 14:27
2026-07-07,R2,C4,TONGRES,DE REIMS,ATTELE,13:14,12,OVERLORD,PARTANT,44,84,,pmu,2026-07-07 14:27
2026-07-07,R2,C4,TONGRES,DE REIMS,ATTELE,13:14,13,JIMINY,PARTANT,82,84,,pmu,2026-07-07 14:27
2026-07-07,R2,C4,TONGRES,DE REIMS,ATTELE,13:14,14,TORONTO MATIC,PARTANT,"1,6","1,5",,pmu,2026-07-07 14:27
2026-07-07,R2,C4,TONGRES,DE REIMS,ATTELE,13:14,15,SUPRÊME DU JOUR,PARTANT,22,18,,pmu,2026-07-07 14:27
2026-07-07,R2,C5,TONGRES,D'ARRAS,ATTELE,13:46,1,GRINGO DE CHATNAY,PARTANT,35,81,,pmu,2026-07-07 14:27
2026-07-07,R2,C5,TONGRES,D'ARRAS,ATTELE,13:46,2,PAVILLON,PARTANT,23,23,,pmu,2026-07-07 14:27
2026-07-07,R2,C5,TONGRES,D'ARRAS,ATTELE,13:46,3,SUSKE VANHALBEEK,PARTANT,33,82,,pmu,2026-07-07 14:27
2026-07-07,R2,C5,TONGRES,D'ARRAS,ATTELE,13:46,4,MISTER VALENTINE,PARTANT,34,53,,pmu,2026-07-07 14:27
2026-07-07,R2,C5,TONGRES,D'ARRAS,ATTELE,13:46,5,OLYMPUS STEEL,PARTANT,20,36,,pmu,2026-07-07 14:27
2026-07-07,R2,C5,TONGRES,D'ARRAS,ATTELE,13:46,6,REALITY MOM,PARTANT,"1,3","1,4",,pmu,2026-07-07 14:27
2026-07-07,R2,C5,TONGRES,D'ARRAS,ATTELE,13:46,7,NIKSKE SLIPPER,PARTANT,29,47,,pmu,2026-07-07 14:27
2026-07-07,R2,C5,TONGRES,D'ARRAS,ATTELE,13:46,8,HELLO CHARLY,PARTANT,83,94,,pmu,2026-07-07 14:27
2026-07-07,R2,C5,TONGRES,D'ARRAS,ATTELE,13:46,9,POULIN D'OR SH,PARTANT,21,25,,pmu,2026-07-07 14:27
2026-07-07,R2,C5,TONGRES,D'ARRAS,ATTELE,13:46,10,NOBLE D'OR,PARTANT,162,86,,pmu,2026-07-07 14:27
2026-07-07,R2,C5,TONGRES,D'ARRAS,ATTELE,13:46,11,KATTEJAMMER CASH,PARTANT,74,79,,pmu,2026-07-07 14:27
2026-07-07,R2,C5,TONGRES,D'ARRAS,ATTELE,13:46,12,MAC POWER,PARTANT,12,7,,pmu,2026-07-07 14:27
2026-07-07,R2,C5,TONGRES,D'ARRAS,ATTELE,13:46,13,VIKENS CASHFLOW,PARTANT,296,160,,pmu,2026-07-07 14:27
2026-07-07,R2,C5,TONGRES,D'ARRAS,ATTELE,13:46,14,PLACEYOURBET SB,PARTANT,15,10,,pmu,2026-07-07 14:27
2026-07-07,R2,C5,TONGRES,D'ARRAS,ATTELE,13:46,15,TOEKY BOUM,PARTANT,77,104,,pmu,2026-07-07 14:27
2026-07-07,R2,C6,TONGRES,DE LA CAPELLE,ATTELE,14:16,1,LADY GES,PARTANT,,,,pmu,2026-07-07 14:27
2026-07-07,R2,C6,TONGRES,DE LA CAPELLE,ATTELE,14:16,2,JARLY DE DUFFEL,NP,,,,pmu,2026-07-07 14:27
2026-07-07,R2,C6,TONGRES,DE LA CAPELLE,ATTELE,14:16,3,JAGER OVER,PARTANT,,,,pmu,2026-07-07 14:27
2026-07-07,R2,C6,TONGRES,DE LA CAPELLE,ATTELE,14:16,4,STAR LA VARENNE,PARTANT,,,,pmu,2026-07-07 14:27
2026-07-07,R2,C6,TONGRES,DE LA CAPELLE,ATTELE,14:16,5,LANA FONTAINE,PARTANT,,,,pmu,2026-07-07 14:27
2026-07-07,R2,C6,TONGRES,DE LA CAPELLE,ATTELE,14:16,6,MIRACULEE D'OCQUE,PARTANT,,,,pmu,2026-07-07 14:27
2026-07-07,R2,C6,TONGRES,DE LA CAPELLE,ATTELE,14:16,7,TRESOR DE HAMAL,PARTANT,,,,pmu,2026-07-07 14:27
2026-07-07,R2,C6,TONGRES,DE LA CAPELLE,ATTELE,14:16,8,LARSEN DU BELLAY,PARTANT,,,,pmu,2026-07-07 14:27
2026-07-07,R2,C6,TONGRES,DE LA CAPELLE,ATTELE,14:16,9,JACK'S GRAUX,PARTANT,,,,pmu,2026-07-07 14:27
2026-07-07,R2,C6,TONGRES,DE LA CAPELLE,ATTELE,14:16,10,TREK,PARTANT,,,,pmu,2026-07-07 14:27
2026-07-07,R2,C6,TONGRES,DE LA CAPELLE,ATTELE,14:16,11,TRES BELLE JP,PARTANT,,,,pmu,2026-07-07 14:27
2026-07-07,R2,C6,TONGRES,DE LA CAPELLE,ATTELE,14:16,12,NELLY CROWN,PARTANT,,,,pmu,2026-07-07 14:27
2026-07-07,R2,C7,TONGRES,D'AMIENS,ATTELE,14:46,1,LAURA DE MUZE,PARTANT,,,,pmu,2026-07-07 14:27
2026-07-07,R2,C7,TONGRES,D'AMIENS,ATTELE,14:46,2,SERANA S,PARTANT,,,,pmu,2026-07-07 14:27
2026-07-07,R2,C7,TONGRES,D'AMIENS,ATTELE,14:46,3,TECH NICKIE,PARTANT,,,,pmu,2026-07-07 14:27
2026-07-07,R2,C7,TONGRES,D'AMIENS,ATTELE,14:46,4,RAY CHARLY DG,PARTANT,,,,pmu,2026-07-07 14:27
2026-07-07,R2,C7,TONGRES,D'AMIENS,ATTELE,14:46,5,KHOL SMART,PARTANT,,,,pmu,2026-07-07 14:27
2026-07-07,R2,C7,TONGRES,D'AMIENS,ATTELE,14:46,6,LUCKY DE LA VALLEE,PARTANT,,,,pmu,2026-07-07 14:27
2026-07-07,R2,C7,TONGRES,D'AMIENS,ATTELE,14:46,7,TEXAS DU CALVAIRE,PARTANT,,,,pmu,2026-07-07 14:27
2026-07-07,R2,C7,TONGRES,D'AMIENS,ATTELE,14:46,8,LET'S GO D'AVRAN,PARTANT,,,,pmu,2026-07-07 14:27
2026-07-07,R2,C8,TONGRES,CROISE-LAROCHE,ATTELE,15:15,1,NAPINE DIESCHOOT,PARTANT,,,,pmu,2026-07-07 14:27
2026-07-07,R2,C8,TONGRES,CROISE-LAROCHE,ATTELE,15:15,2,MANILLA CALVAIRE,PARTANT,,,,pmu,2026-07-07 14:27
2026-07-07,R2,C8,TONGRES,CROISE-LAROCHE,ATTELE,15:15,3,NIMBUS KAIROS,PARTANT,,,,pmu,2026-07-07 14:27
2026-07-07,R2,C8,TONGRES,CROISE-LAROCHE,ATTELE,15:15,4,NEFERTITI AWAGNE,PARTANT,,,,pmu,2026-07-07 14:27
2026-07-07,R2,C8,TONGRES,CROISE-LAROCHE,ATTELE,15:15,5,UNION EXPRESS,PARTANT,,,,pmu,2026-07-07 14:27
2026-07-07,R2,C8,TONGRES,CROISE-LAROCHE,ATTELE,15:15,6,ULLYSSE DE FOSSES,PARTANT,,,,pmu,2026-07-07 14:27
2026-07-07,R2,C8,TONGRES,CROISE-LAROCHE,ATTELE,15:15,7,TITAN TWIN D'OR,PARTANT,,,,pmu,2026-07-07 14:27
2026-07-07,R2,C8,TONGRES,CROISE-LAROCHE,ATTELE,15:15,8,URIO HOUBLONNIER,PARTANT,,,,pmu,2026-07-07 14:27
2026-07-07,R2,C8,TONGRES,CROISE-LAROCHE,ATTELE,15:15,9,MELODY DYCO,PARTANT,,,,pmu,2026-07-07 14:27
2026-07-07,R2,C8,TONGRES,CROISE-LAROCHE,ATTELE,15:15,10,TORNADE DU GREY,PARTANT,,,,pmu,2026-07-07 14:27
2026-07-07,R2,C8,TONGRES,CROISE-LAROCHE,ATTELE,15:15,11,MAX DE SALTA,PARTANT,,,,pmu,2026-07-07 14:27
2026-07-07,R2,C8,TONGRES,CROISE-LAROCHE,ATTELE,15:15,12,TIMOUR DE SALTA,PARTANT,,,,pmu,2026-07-07 14:27
2026-07-07,R2,C8,TONGRES,CROISE-LAROCHE,ATTELE,15:15,13,TYBOR,PARTANT,,,,pmu,2026-07-07 14:27
2026-07-07,R3,C1,LA CAPELLE,ROLLING D' HER.,MONTE,12:57,1,NOSTALGIE JIEL,PARTANT,15,23,,pmu,2026-07-07 14:27
2026-07-07,R3,C1,LA CAPELLE,ROLLING D' HER.,MONTE,12:57,2,NUANCE D'ORGUEIL,PARTANT,"9,5",13,,pmu,2026-07-07 14:27
2026-07-07,R3,C1,LA CAPELLE,ROLLING D' HER.,MONTE,12:57,3,NATHANIEL,PARTANT,79,123,,pmu,2026-07-07 14:27
2026-07-07,R3,C1,LA CAPELLE,ROLLING D' HER.,MONTE,12:57,4,NIGHT HOUSE,PARTANT,108,132,,pmu,2026-07-07 14:27
2026-07-07,R3,C1,LA CAPELLE,ROLLING D' HER.,MONTE,12:57,5,NEW LOOK DANICA,PARTANT,20,28,,pmu,2026-07-07 14:27
2026-07-07,R3,C1,LA CAPELLE,ROLLING D' HER.,MONTE,12:57,6,NYMPHE MIKA,PARTANT,12,19,,pmu,2026-07-07 14:27
2026-07-07,R3,C1,LA CAPELLE,ROLLING D' HER.,MONTE,12:57,7,NATSUMI QUEEN,PARTANT,24,34,,pmu,2026-07-07 14:27
2026-07-07,R3,C1,LA CAPELLE,ROLLING D' HER.,MONTE,12:57,8,NECTAR DU LEARD,PARTANT,"7,7","8,1",,pmu,2026-07-07 14:27
2026-07-07,R3,C1,LA CAPELLE,ROLLING D' HER.,MONTE,12:57,9,NAOS DE BANVILLE,PARTANT,38,56,,pmu,2026-07-07 14:27
2026-07-07,R3,C1,LA CAPELLE,ROLLING D' HER.,MONTE,12:57,10,NECTARINE PIERJI,PARTANT,45,61,,pmu,2026-07-07 14:27
2026-07-07,R3,C1,LA CAPELLE,ROLLING D' HER.,MONTE,12:57,11,NOMADE VRIE,PARTANT,8,"9,2",,pmu,2026-07-07 14:27
2026-07-07,R3,C1,LA CAPELLE,ROLLING D' HER.,MONTE,12:57,12,NAZZARENO,PARTANT,"3,5","2,3",,pmu,2026-07-07 14:27
2026-07-07,R3,C1,LA CAPELLE,ROLLING D' HER.,MONTE,12:57,13,NINO D'AMOUR,PARTANT,"4,5","4,2",,pmu,2026-07-07 14:27
2026-07-07,R3,C2,LA CAPELLE,CTRE EQUESTRE,ATTELE,13:30,1,NAIADE DES FORGES,PARTANT,12,21,,pmu,2026-07-07 14:27
2026-07-07,R3,C2,LA CAPELLE,CTRE EQUESTRE,ATTELE,13:30,2,NYRO D'ERPION,PARTANT,35,48,,pmu,2026-07-07 14:27
2026-07-07,R3,C2,LA CAPELLE,CTRE EQUESTRE,ATTELE,13:30,3,NICE TER MEULEN,PARTANT,46,63,,pmu,2026-07-07 14:27
2026-07-07,R3,C2,LA CAPELLE,CTRE EQUESTRE,ATTELE,13:30,4,NATO JOSSELYN,PARTANT,"6,6","5,7",,pmu,2026-07-07 14:27
2026-07-07,R3,C2,LA CAPELLE,CTRE EQUESTRE,ATTELE,13:30,5,NEW EPATANTE,PARTANT,10,13,,pmu,2026-07-07 14:27
2026-07-07,R3,C2,LA CAPELLE,CTRE EQUESTRE,ATTELE,13:30,6,NEBULA DANICA,PARTANT,"7,6","7,3",,pmu,2026-07-07 14:27
2026-07-07,R3,C2,LA CAPELLE,CTRE EQUESTRE,ATTELE,13:30,7,NATASHA DES BAUX,PARTANT,42,76,,pmu,2026-07-07 14:27
2026-07-07,R3,C2,LA CAPELLE,CTRE EQUESTRE,ATTELE,13:30,8,NOLLY WOOD,PARTANT,"5,4","6,8",,pmu,2026-07-07 14:27
2026-07-07,R3,C2,LA CAPELLE,CTRE EQUESTRE,ATTELE,13:30,9,NOVA DU FER,PARTANT,"5,4","4,3",,pmu,2026-07-07 14:27
2026-07-07,R3,C2,LA CAPELLE,CTRE EQUESTRE,ATTELE,13:30,10,NARKOS DU PAIN,PARTANT,12,"9,4",,pmu,2026-07-07 14:27
2026-07-07,R3,C2,LA CAPELLE,CTRE EQUESTRE,ATTELE,13:30,11,NOSTALGIE DAIRPET,PARTANT,16,12,,pmu,2026-07-07 14:27
2026-07-07,R3,C2,LA CAPELLE,CTRE EQUESTRE,ATTELE,13:30,12,NANS DE FLEUR,PARTANT,"7,4","8,1",,pmu,2026-07-07 14:27
2026-07-07,R3,C3,LA CAPELLE,ECOLE LADS JOCK,ATTELE,14:01,1,MASTER KING,PARTANT,49,78,,pmu,2026-07-07 14:27
2026-07-07,R3,C3,LA CAPELLE,ECOLE LADS JOCK,ATTELE,14:01,2,MARCEL SEVEN,PARTANT,"1,8","2,3",,pmu,2026-07-07 14:27
2026-07-07,R3,C3,LA CAPELLE,ECOLE LADS JOCK,ATTELE,14:01,3,MAESTRO DE LOU,PARTANT,23,45,,pmu,2026-07-07 14:27
2026-07-07,R3,C3,LA CAPELLE,ECOLE LADS JOCK,ATTELE,14:01,4,MARIO DU CAIEU,PARTANT,24,41,,pmu,2026-07-07 14:27
2026-07-07,R3,C3,LA CAPELLE,ECOLE LADS JOCK,ATTELE,14:01,5,MOANA DE WALLIS,PARTANT,25,19,,pmu,2026-07-07 14:27
2026-07-07,R3,C3,LA CAPELLE,ECOLE LADS JOCK,ATTELE,14:01,6,MY LADY DE CAHOT,PARTANT,23,29,,pmu,2026-07-07 14:27
2026-07-07,R3,C3,LA CAPELLE,ECOLE LADS JOCK,ATTELE,14:01,7,MAKINA DANICA,PARTANT,122,210,,pmu,2026-07-07 14:27
2026-07-07,R3,C3,LA CAPELLE,ECOLE LADS JOCK,ATTELE,14:01,8,MAESTRO DE RETZ,PARTANT,"5,4","4,7",,pmu,2026-07-07 14:27
2026-07-07,R3,C3,LA CAPELLE,ECOLE LADS JOCK,ATTELE,14:01,9,MARVIN D'ALGOT,PARTANT,18,"7,8",,pmu,2026-07-07 14:27
2026-07-07,R3,C3,LA CAPELLE,ECOLE LADS JOCK,ATTELE,14:01,10,MINA DU VIVIER,PARTANT,21,18,,pmu,2026-07-07 14:27
2026-07-07,R3,C3,LA CAPELLE,ECOLE LADS JOCK,ATTELE,14:01,11,MISTERIOSO,PARTANT,12,"6,1",,pmu,2026-07-07 14:27
2026-07-07,R3,C3,LA CAPELLE,ECOLE LADS JOCK,ATTELE,14:01,12,METEORE ETOILE,PARTANT,66,73,,pmu,2026-07-07 14:27
2026-07-07,R3,C3,LA CAPELLE,ECOLE LADS JOCK,ATTELE,14:01,13,MAGE DES MONTS,PARTANT,37,47,,pmu,2026-07-07 14:27
2026-07-07,R3,C3,LA CAPELLE,ECOLE LADS JOCK,ATTELE,14:01,14,MILKA LIO,PARTANT,54,97,,pmu,2026-07-07 14:27
2026-07-07,R3,C4,LA CAPELLE,G. & A. LEFEVRE,ATTELE,14:35,1,LIBERTY AVENUE,PARTANT,57,38,,pmu,2026-07-07 14:27
2026-07-07,R3,C4,LA CAPELLE,G. & A. LEFEVRE,ATTELE,14:35,2,LIPTON DU VIVIER,NP,,,,pmu,2026-07-07 14:27
2026-07-07,R3,C4,LA CAPELLE,G. & A. LEFEVRE,ATTELE,14:35,3,LE BOSS DANOVER,PARTANT,56,39,,pmu,2026-07-07 14:27
2026-07-07,R3,C4,LA CAPELLE,G. & A. LEFEVRE,ATTELE,14:35,4,LOKI FACTIER,PARTANT,80,55,,pmu,2026-07-07 14:27
2026-07-07,R3,C4,LA CAPELLE,G. & A. LEFEVRE,ATTELE,14:35,5,L'AMI LUC,PARTANT,40,24,,pmu,2026-07-07 14:27
2026-07-07,R3,C4,LA CAPELLE,G. & A. LEFEVRE,ATTELE,14:35,6,L'AMOUR,PARTANT,"4,3",3,,pmu,2026-07-07 14:27
2026-07-07,R3,C4,LA CAPELLE,G. & A. LEFEVRE,ATTELE,14:35,7,LA BELLE MIKA,PARTANT,26,17,,pmu,2026-07-07 14:27
2026-07-07,R3,C4,LA CAPELLE,G. & A. LEFEVRE,ATTELE,14:35,8,LEAD ME ON,PARTANT,36,22,,pmu,2026-07-07 14:27
2026-07-07,R3,C4,LA CAPELLE,G. & A. LEFEVRE,ATTELE,14:35,9,LAMSOU SAN,PARTANT,37,24,,pmu,2026-07-07 14:27
2026-07-07,R3,C4,LA CAPELLE,G. & A. LEFEVRE,ATTELE,14:35,10,LARGINO BRAVOURE,PARTANT,21,"8,9",,pmu,2026-07-07 14:27
2026-07-07,R3,C4,LA CAPELLE,G. & A. LEFEVRE,ATTELE,14:35,11,LILI BROAY,PARTANT,279,163,,pmu,2026-07-07 14:27
2026-07-07,R3,C4,LA CAPELLE,G. & A. LEFEVRE,ATTELE,14:35,12,LOVER DIVIN,PARTANT,254,165,,pmu,2026-07-07 14:27
2026-07-07,R3,C4,LA CAPELLE,G. & A. LEFEVRE,ATTELE,14:35,13,LEONARD,PARTANT,102,60,,pmu,2026-07-07 14:27
2026-07-07,R3,C4,LA CAPELLE,G. & A. LEFEVRE,ATTELE,14:35,14,LENNY DU PONT,PARTANT,144,107,,pmu,2026-07-07 14:27
2026-07-07,R3,C4,LA CAPELLE,G. & A. LEFEVRE,ATTELE,14:35,15,L'ELITE DU CHOQUEL,PARTANT,73,51,,pmu,2026-07-07 14:27
2026-07-07,R3,C4,LA CAPELLE,G. & A. LEFEVRE,ATTELE,14:35,16,LUC PAASLOO,PARTANT,166,108,,pmu,2026-07-07 14:27
2026-07-07,R3,C5,LA CAPELLE,UN MEC D' HER.,ATTELE,15:10,1,LOUPIAC,PARTANT,"5,9","6,8",,pmu,2026-07-07 14:27
2026-07-07,R3,C5,LA CAPELLE,UN MEC D' HER.,ATTELE,15:10,2,LYANA D'ARC,PARTANT,"3,4","3,6",,pmu,2026-07-07 14:27
2026-07-07,R3,C5,LA CAPELLE,UN MEC D' HER.,ATTELE,15:10,3,LOVER JULMA,PARTANT,"7,3","5,9",,pmu,2026-07-07 14:27
2026-07-07,R3,C5,LA CAPELLE,UN MEC D' HER.,ATTELE,15:10,4,LOVELY JENILOU,PARTANT,20,23,,pmu,2026-07-07 14:27
2026-07-07,R3,C5,LA CAPELLE,UN MEC D' HER.,ATTELE,15:10,5,KATY'S TIME,PARTANT,12,13,,pmu,2026-07-07 14:27
2026-07-07,R3,C5,LA CAPELLE,UN MEC D' HER.,ATTELE,15:10,6,LAST DES BROUSSES,PARTANT,"6,8","5,4",,pmu,2026-07-07 14:27
2026-07-07,R3,C5,LA CAPELLE,UN MEC D' HER.,ATTELE,15:10,7,LUCIOLE DU VERTAIN,PARTANT,11,11,,pmu,2026-07-07 14:27
2026-07-07,R3,C5,LA CAPELLE,UN MEC D' HER.,ATTELE,15:10,8,LISSANDRA JIEL,PARTANT,23,24,,pmu,2026-07-07 14:27
2026-07-07,R3,C5,LA CAPELLE,UN MEC D' HER.,ATTELE,15:10,9,LOZEN DE BANVILLE,PARTANT,13,15,,pmu,2026-07-07 14:27
2026-07-07,R3,C5,LA CAPELLE,UN MEC D' HER.,ATTELE,15:10,10,L'ARC,PARTANT,31,42,,pmu,2026-07-07 14:27
2026-07-07,R3,C5,LA CAPELLE,UN MEC D' HER.,ATTELE,15:10,11,KRACK TER BLEKTE,PARTANT,50,61,,pmu,2026-07-07 14:27
2026-07-07,R3,C5,LA CAPELLE,UN MEC D' HER.,ATTELE,15:10,12,LADY PRINCESS,PARTANT,24,23,,pmu,2026-07-07 14:27
2026-07-07,R3,C6,LA CAPELLE,GU D' HERIPRE,ATTELE,15:45,1,IMMATERIEL D'AM,PARTANT,99,137,,pmu,2026-07-07 14:27
2026-07-07,R3,C6,LA CAPELLE,GU D' HERIPRE,ATTELE,15:45,2,JACKPOT DES MONTS,PARTANT,28,37,,pmu,2026-07-07 14:27
2026-07-07,R3,C6,LA CAPELLE,GU D' HERIPRE,ATTELE,15:45,3,JUNTA DES THIRONS,PARTANT,19,29,,pmu,2026-07-07 14:27
2026-07-07,R3,C6,LA CAPELLE,GU D' HERIPRE,ATTELE,15:45,4,JULIUS ECUS,PARTANT,47,46,,pmu,2026-07-07 14:27
2026-07-07,R3,C6,LA CAPELLE,GU D' HERIPRE,ATTELE,15:45,5,INCANTATOR,PARTANT,13,16,,pmu,2026-07-07 14:27
2026-07-07,R3,C6,LA CAPELLE,GU D' HERIPRE,ATTELE,15:45,6,IDUNN,PARTANT,19,21,,pmu,2026-07-07 14:27
2026-07-07,R3,C6,LA CAPELLE,GU D' HERIPRE,ATTELE,15:45,7,JEYMIXE,PARTANT,14,16,,pmu,2026-07-07 14:27
2026-07-07,R3,C6,LA CAPELLE,GU D' HERIPRE,ATTELE,15:45,8,JUNIOR DU CHERISAY,PARTANT,17,25,,pmu,2026-07-07 14:27
2026-07-07,R3,C6,LA CAPELLE,GU D' HERIPRE,ATTELE,15:45,9,JAVLAR,PARTANT,"3,4","3,5",,pmu,2026-07-07 14:27
2026-07-07,R3,C6,LA CAPELLE,GU D' HERIPRE,ATTELE,15:45,10,JEKILL ROCQ,PARTANT,"7,4","5,8",,pmu,2026-07-07 14:27
2026-07-07,R3,C6,LA CAPELLE,GU D' HERIPRE,ATTELE,15:45,11,IRINA DE MONTCEAU,PARTANT,14,21,,pmu,2026-07-07 14:27
2026-07-07,R3,C6,LA CAPELLE,GU D' HERIPRE,ATTELE,15:45,12,IRON SPIRIT,PARTANT,60,73,,pmu,2026-07-07 14:27
2026-07-07,R3,C6,LA CAPELLE,GU D' HERIPRE,ATTELE,15:45,13,JACADI BROUETS,PARTANT,10,12,,pmu,2026-07-07 14:27
2026-07-07,R3,C6,LA CAPELLE,GU D' HERIPRE,ATTELE,15:45,14,ISSI TOP,PARTANT,23,"8,1",,pmu,2026-07-07 14:27
2026-07-07,R3,C6,LA CAPELLE,GU D' HERIPRE,ATTELE,15:45,15,HEAVEN D'ECAJEUL,PARTANT,"7,8","7,6",,pmu,2026-07-07 14:27
2026-07-07,R3,C6,LA CAPELLE,GU D' HERIPRE,ATTELE,15:45,16,GALON D'AMIRAL,PARTANT,53,59,,pmu,2026-07-07 14:27
2026-07-07,R3,C7,LA CAPELLE,EURO RINGEAT,ATTELE,16:20,1,ILUCE DE BEAUCAMPS,PARTANT,23,23,,pmu,2026-07-07 14:27
2026-07-07,R3,C7,LA CAPELLE,EURO RINGEAT,ATTELE,16:20,2,INSERT DES MONTS,PARTANT,52,49,,pmu,2026-07-07 14:27
2026-07-07,R3,C7,LA CAPELLE,EURO RINGEAT,ATTELE,16:20,3,INSIDE,PARTANT,32,37,,pmu,2026-07-07 14:27
2026-07-07,R3,C7,LA CAPELLE,EURO RINGEAT,ATTELE,16:20,4,IROKO DU CAIEU,PARTANT,23,18,,pmu,2026-07-07 14:27
2026-07-07,R3,C7,LA CAPELLE,EURO RINGEAT,ATTELE,16:20,5,ILLICO DES BAUX,PARTANT,37,36,,pmu,2026-07-07 14:27
2026-07-07,R3,C7,LA CAPELLE,EURO RINGEAT,ATTELE,16:20,6,JARDIN DU ROI,PARTANT,"3,7","3,7",,pmu,2026-07-07 14:27
2026-07-07,R3,C7,LA CAPELLE,EURO RINGEAT,ATTELE,16:20,7,JASPE DU DOLLAR,PARTANT,"5,6","5,4",,pmu,2026-07-07 14:27
2026-07-07,R3,C7,LA CAPELLE,EURO RINGEAT,ATTELE,16:20,8,JUNKIES MINDS,PARTANT,"2,8","2,9",,pmu,2026-07-07 14:27
2026-07-07,R3,C7,LA CAPELLE,EURO RINGEAT,ATTELE,16:20,9,JOYEUX NONNA,PARTANT,14,14,,pmu,2026-07-07 14:27
2026-07-07,R3,C7,LA CAPELLE,EURO RINGEAT,ATTELE,16:20,10,INFIEL,PARTANT,"7,3","7,3",,pmu,2026-07-07 14:27
2026-07-07,R3,C8,LA CAPELLE,ECOLE MARECHAL.,ATTELE,16:55,1,ISIMONEY DU CHENE,PARTANT,"2,4","1,9",,pmu,2026-07-07 14:27
2026-07-07,R3,C8,LA CAPELLE,ECOLE MARECHAL.,ATTELE,16:55,2,JACK BELLI,NP,,,,pmu,2026-07-07 14:27
2026-07-07,R3,C8,LA CAPELLE,ECOLE MARECHAL.,ATTELE,16:55,3,JET SPE,PARTANT,10,15,,pmu,2026-07-07 14:27
2026-07-07,R3,C8,LA CAPELLE,ECOLE MARECHAL.,ATTELE,16:55,4,HETRE DU JOUR,PARTANT,29,32,,pmu,2026-07-07 14:27
2026-07-07,R3,C8,LA CAPELLE,ECOLE MARECHAL.,ATTELE,16:55,5,JOY EASTER,PARTANT,10,"8,1",,pmu,2026-07-07 14:27
2026-07-07,R3,C8,LA CAPELLE,ECOLE MARECHAL.,ATTELE,16:55,6,JUSTE DE MELLERAY,PARTANT,15,20,,pmu,2026-07-07 14:27
2026-07-07,R3,C8,LA CAPELLE,ECOLE MARECHAL.,ATTELE,16:55,7,IBLISS MAYBE,PARTANT,16,18,,pmu,2026-07-07 14:27
2026-07-07,R3,C8,LA CAPELLE,ECOLE MARECHAL.,ATTELE,16:55,8,JOYAUX DE REUX,PARTANT,15,10,,pmu,2026-07-07 14:27
2026-07-07,R3,C8,LA CAPELLE,ECOLE MARECHAL.,ATTELE,16:55,9,JOEYSTAR DE NIRO,PARTANT,35,54,,pmu,2026-07-07 14:27
2026-07-07,R3,C8,LA CAPELLE,ECOLE MARECHAL.,ATTELE,16:55,10,JIVE BOY,PARTANT,"5,5","7,9",,pmu,2026-07-07 14:27
2026-07-07,R3,C8,LA CAPELLE,ECOLE MARECHAL.,ATTELE,16:55,11,JUST LIKE A DREAM,PARTANT,"7,8",11,,pmu,2026-07-07 14:27
2026-07-07,R4,C1,AIX LES BAINS,L. ROUSSY DE S.,PLAT,17:30,1,UNFURLED,PARTANT,9,"8,9",,pmu,2026-07-07 14:27
2026-07-07,R4,C1,AIX LES BAINS,L. ROUSSY DE S.,PLAT,17:30,2,STUPEFIANTE,PARTANT,"5,9",7,,pmu,2026-07-07 14:27
2026-07-07,R4,C1,AIX LES BAINS,L. ROUSSY DE S.,PLAT,17:30,3,WICKBURY,PARTANT,"7,9","9,8",,pmu,2026-07-07 14:27
2026-07-07,R4,C1,AIX LES BAINS,L. ROUSSY DE S.,PLAT,17:30,4,THE CHARMER,PARTANT,16,14,,pmu,2026-07-07 14:27
2026-07-07,R4,C1,AIX LES BAINS,L. ROUSSY DE S.,PLAT,17:30,5,ELUSIVE GLORY,PARTANT,18,20,,pmu,2026-07-07 14:27
2026-07-07,R4,C1,AIX LES BAINS,L. ROUSSY DE S.,PLAT,17:30,6,RESOLUTION,NP,,,,pmu,2026-07-07 14:27
2026-07-07,R4,C1,AIX LES BAINS,L. ROUSSY DE S.,PLAT,17:30,7,CANDY CHERIE,PARTANT,"3,1","2,7",,pmu,2026-07-07 14:27
2026-07-07,R4,C1,AIX LES BAINS,L. ROUSSY DE S.,PLAT,17:30,8,BOOMERANG,PARTANT,"9,3",10,,pmu,2026-07-07 14:27
2026-07-07,R4,C1,AIX LES BAINS,L. ROUSSY DE S.,PLAT,17:30,9,CHIVERE,PARTANT,14,14,,pmu,2026-07-07 14:27
2026-07-07,R4,C1,AIX LES BAINS,L. ROUSSY DE S.,PLAT,17:30,10,TRIPTAJIKA,PARTANT,15,14,,pmu,2026-07-07 14:27
2026-07-07,R4,C1,AIX LES BAINS,L. ROUSSY DE S.,PLAT,17:30,11,CLEMENZA,PARTANT,11,10,,pmu,2026-07-07 14:27
2026-07-07,R4,C2,AIX LES BAINS,ALP ARROSAGE,PLAT,18:05,1,BASHA,PARTANT,"2,4","2,1",,pmu,2026-07-07 14:27
2026-07-07,R4,C2,AIX LES BAINS,ALP ARROSAGE,PLAT,18:05,2,HADITOUNI,PARTANT,27,20,,pmu,2026-07-07 14:27
2026-07-07,R4,C2,AIX LES BAINS,ALP ARROSAGE,PLAT,18:05,3,KINGSHIRE,PARTANT,16,19,,pmu,2026-07-07 14:27
2026-07-07,R4,C2,AIX LES BAINS,ALP ARROSAGE,PLAT,18:05,4,DINA QUEEN,PARTANT,14,14,,pmu,2026-07-07 14:27
2026-07-07,R4,C2,AIX LES BAINS,ALP ARROSAGE,PLAT,18:05,5,PERSIANROMY,PARTANT,12,13,,pmu,2026-07-07 14:27
2026-07-07,R4,C2,AIX LES BAINS,ALP ARROSAGE,PLAT,18:05,6,FILLE DE LOUISE,PARTANT,33,30,,pmu,2026-07-07 14:27
2026-07-07,R4,C2,AIX LES BAINS,ALP ARROSAGE,PLAT,18:05,7,ZENATA,PARTANT,70,91,,pmu,2026-07-07 14:27
2026-07-07,R4,C2,AIX LES BAINS,ALP ARROSAGE,PLAT,18:05,8,MOON BE STILL,PARTANT,29,28,,pmu,2026-07-07 14:27
2026-07-07,R4,C2,AIX LES BAINS,ALP ARROSAGE,PLAT,18:05,9,OTONIA,PARTANT,"3,4","4,2",,pmu,2026-07-07 14:27
2026-07-07,R4,C2,AIX LES BAINS,ALP ARROSAGE,PLAT,18:05,10,TASTEFUL,PARTANT,"7,1",7,,pmu,2026-07-07 14:27
2026-07-07,R4,C3,AIX LES BAINS,LA PARENTHESE,PLAT,18:47,1,NYMPHEAS,PARTANT,"2,8","1,9",,pmu,2026-07-07 14:27
2026-07-07,R4,C3,AIX LES BAINS,LA PARENTHESE,PLAT,18:47,2,OVER THE SKY,PARTANT,"7,3","9,5",,pmu,2026-07-07 14:27
2026-07-07,R4,C3,AIX LES BAINS,LA PARENTHESE,PLAT,18:47,3,ALEKSANDROVKA,PARTANT,"6,2","7,5",,pmu,2026-07-07 14:27
2026-07-07,R4,C3,AIX LES BAINS,LA PARENTHESE,PLAT,18:47,4,PULP FICTION,PARTANT,17,17,,pmu,2026-07-07 14:27
2026-07-07,R4,C3,AIX LES BAINS,LA PARENTHESE,PLAT,18:47,5,YODA,PARTANT,"6,5","7,8",,pmu,2026-07-07 14:27
2026-07-07,R4,C3,AIX LES BAINS,LA PARENTHESE,PLAT,18:47,6,VIDEO GAMES,PARTANT,"8,6","9,8",,pmu,2026-07-07 14:27
2026-07-07,R4,C3,AIX LES BAINS,LA PARENTHESE,PLAT,18:47,7,LIGHTIANA,PARTANT,"5,1",7,,pmu,2026-07-07 14:27
2026-07-07,R4,C3,AIX LES BAINS,LA PARENTHESE,PLAT,18:47,8,NANALA,NP,,,,pmu,2026-07-07 14:27
2026-07-07,R4,C4,AIX LES BAINS,LA SIBERIENNE,PLAT,19:18,1,CEDRUS,PARTANT,"6,4","7,9",,pmu,2026-07-07 14:27
2026-07-07,R4,C4,AIX LES BAINS,LA SIBERIENNE,PLAT,19:18,2,KERNO QUATZ,PARTANT,32,37,,pmu,2026-07-07 14:27
2026-07-07,R4,C4,AIX LES BAINS,LA SIBERIENNE,PLAT,19:18,3,BLANC BLEU,PARTANT,20,12,,pmu,2026-07-07 14:27
2026-07-07,R4,C4,AIX LES BAINS,LA SIBERIENNE,PLAT,19:18,4,LEPARD,PARTANT,"4,6","5,2",,pmu,2026-07-07 14:27
2026-07-07,R4,C4,AIX LES BAINS,LA SIBERIENNE,PLAT,19:18,5,DENISJONH,PARTANT,3,"2,7",,pmu,2026-07-07 14:27
2026-07-07,R4,C4,AIX LES BAINS,LA SIBERIENNE,PLAT,19:18,6,DAKOTA GIRL,PARTANT,13,13,,pmu,2026-07-07 14:27
2026-07-07,R4,C4,AIX LES BAINS,LA SIBERIENNE,PLAT,19:18,7,CALA ROSSA,PARTANT,"3,1","3,3",,pmu,2026-07-07 14:27
2026-07-07,R4,C5,AIX LES BAINS,BAOBAB,PLAT,19:48,1,EXPERTISE,PARTANT,"7,4","9,5",,pmu,2026-07-07 14:27
2026-07-07,R4,C5,AIX LES BAINS,BAOBAB,PLAT,19:48,2,MONSIEURVALCHOP,PARTANT,"7,7","9,1",,pmu,2026-07-07 14:27
2026-07-07,R4,C5,AIX LES BAINS,BAOBAB,PLAT,19:48,3,AMORE MIA,PARTANT,"9,1",11,,pmu,2026-07-07 14:27
2026-07-07,R4,C5,AIX LES BAINS,BAOBAB,PLAT,19:48,4,NOBLE COTAI,PARTANT,10,"6,6",,pmu,2026-07-07 14:27
2026-07-07,R4,C5,AIX LES BAINS,BAOBAB,PLAT,19:48,5,LOYAL PRINCE,PARTANT,13,16,,pmu,2026-07-07 14:27
2026-07-07,R4,C5,AIX LES BAINS,BAOBAB,PLAT,19:48,6,BOSQUET,PARTANT,"4,4","4,4",,pmu,2026-07-07 14:27
2026-07-07,R4,C5,AIX LES BAINS,BAOBAB,PLAT,19:48,7,GO JOHNNY GO GO GO,PARTANT,"7,1","5,4",,pmu,2026-07-07 14:27
2026-07-07,R4,C5,AIX LES BAINS,BAOBAB,PLAT,19:48,8,RISKI CHOPE,PARTANT,"7,1","6,4",,pmu,2026-07-07 14:27
2026-07-07,R4,C5,AIX LES BAINS,BAOBAB,PLAT,19:48,9,KAKHOVKA,PARTANT,"9,1",11,,pmu,2026-07-07 14:27
2026-07-07,R4,C6,AIX LES BAINS,AUDI JEAN LAIN,PLAT,20:18,1,RASSENI CHOP,PARTANT,22,25,,pmu,2026-07-07 14:27
2026-07-07,R4,C6,AIX LES BAINS,AUDI JEAN LAIN,PLAT,20:18,2,GO KEN GO,PARTANT,"5,3","5,2",,pmu,2026-07-07 14:27
2026-07-07,R4,C6,AIX LES BAINS,AUDI JEAN LAIN,PLAT,20:18,3,AMAZING GRACE,PARTANT,"7,2","8,2",,pmu,2026-07-07 14:27
2026-07-07,R4,C6,AIX LES BAINS,AUDI JEAN LAIN,PLAT,20:18,4,ASTREA,PARTANT,"4,3","3,9",,pmu,2026-07-07 14:27
2026-07-07,R4,C6,AIX LES BAINS,AUDI JEAN LAIN,PLAT,20:18,5,LARK,PARTANT,"5,8","6,2",,pmu,2026-07-07 14:27
2026-07-07,R4,C6,AIX LES BAINS,AUDI JEAN LAIN,PLAT,20:18,6,UNITED COLOR,PARTANT,16,13,,pmu,2026-07-07 14:27
2026-07-07,R4,C6,AIX LES BAINS,AUDI JEAN LAIN,PLAT,20:18,7,OBLENSKHY,PARTANT,"9,9",11,,pmu,2026-07-07 14:27
2026-07-07,R4,C6,AIX LES BAINS,AUDI JEAN LAIN,PLAT,20:18,8,MELODIE ITALIENNE,PARTANT,"9,3",11,,pmu,2026-07-07 14:27
2026-07-07,R4,C6,AIX LES BAINS,AUDI JEAN LAIN,PLAT,20:18,9,BENVENUTI,PARTANT,16,14,,pmu,2026-07-07 14:27
2026-07-07,R4,C6,AIX LES BAINS,AUDI JEAN LAIN,PLAT,20:18,10,SCHWANGAU,PARTANT,14,12,,pmu,2026-07-07 14:27
2026-07-07,R4,C7,AIX LES BAINS,FRANKEL CALIP.,PLAT,20:48,1,FLYING FLASH,PARTANT,12,15,,pmu,2026-07-07 14:27
2026-07-07,R4,C7,AIX LES BAINS,FRANKEL CALIP.,PLAT,20:48,2,SUNNY QUEEN,PARTANT,"2,8","2,2",,pmu,2026-07-07 14:27
2026-07-07,R4,C7,AIX LES BAINS,FRANKEL CALIP.,PLAT,20:48,3,SAINTE ROMY,PARTANT,7,"9,6",,pmu,2026-07-07 14:27
2026-07-07,R4,C7,AIX LES BAINS,FRANKEL CALIP.,PLAT,20:48,4,KHAROVSKAYA,PARTANT,"3,4","3,5",,pmu,2026-07-07 14:27
2026-07-07,R4,C7,AIX LES BAINS,FRANKEL CALIP.,PLAT,20:48,5,MORNING DEW,PARTANT,13,17,,pmu,2026-07-07 14:27
2026-07-07,R4,C7,AIX LES BAINS,FRANKEL CALIP.,PLAT,20:48,6,FONTANA DI TREVI,PARTANT,"6,4","7,8",,pmu,2026-07-07 14:27
2026-07-07,R4,C7,AIX LES BAINS,FRANKEL CALIP.,PLAT,20:48,7,OASIS DE BERING,PARTANT,12,12,,pmu,2026-07-07 14:27
2026-07-07,R4,C8,AIX LES BAINS,L' UCA,PLAT,21:18,1,LINDEN BLOSSOM,PARTANT,25,19,,pmu,2026-07-07 14:27
2026-07-07,R4,C8,AIX LES BAINS,L' UCA,PLAT,21:18,2,AUSTRALIPS,PARTANT,"6,5","6,8",,pmu,2026-07-07 14:27
2026-07-07,R4,C8,AIX LES BAINS,L' UCA,PLAT,21:18,3,DARING FOX,PARTANT,"8,5","9,6",,pmu,2026-07-07 14:27
2026-07-07,R4,C8,AIX LES BAINS,L' UCA,PLAT,21:18,4,SIMPLYTHEBEST,PARTANT,"6,9","8,4",,pmu,2026-07-07 14:27
2026-07-07,R4,C8,AIX LES BAINS,L' UCA,PLAT,21:18,5,GLORIO,PARTANT,12,15,,pmu,2026-07-07 14:27
2026-07-07,R4,C8,AIX LES BAINS,L' UCA,PLAT,21:18,6,NEVER LOST,PARTANT,"1,9","1,7",,pmu,2026-07-07 14:27
2026-07-07,R4,C8,AIX LES BAINS,L' UCA,PLAT,21:18,7,ANNALIGHT,PARTANT,"8,6","9,9",,pmu,2026-07-07 14:27
2026-07-07,R5,C1,CABOURG,D' AVRANCHES,MONTE,19:03,1,INTIME COTERIE,PARTANT,46,46,,pmu,2026-07-07 14:27
2026-07-07,R5,C1,CABOURG,D' AVRANCHES,MONTE,19:03,2,JUST BE GOOD,PARTANT,10,11,,pmu,2026-07-07 14:27
2026-07-07,R5,C1,CABOURG,D' AVRANCHES,MONTE,19:03,3,HARIBO DU SURF,PARTANT,79,70,,pmu,2026-07-07 14:27
2026-07-07,R5,C1,CABOURG,D' AVRANCHES,MONTE,19:03,4,JAGERSRO,PARTANT,22,24,,pmu,2026-07-07 14:27
2026-07-07,R5,C1,CABOURG,D' AVRANCHES,MONTE,19:03,5,INDIANO JIM,PARTANT,125,109,,pmu,2026-07-07 14:27
2026-07-07,R5,C1,CABOURG,D' AVRANCHES,MONTE,19:03,6,JADE VENESI,PARTANT,"7,9","7,3",,pmu,2026-07-07 14:27
2026-07-07,R5,C1,CABOURG,D' AVRANCHES,MONTE,19:03,7,ILIEN DE VRIE,PARTANT,"9,8",10,,pmu,2026-07-07 14:27
2026-07-07,R5,C1,CABOURG,D' AVRANCHES,MONTE,19:03,8,JADE DU CEDRE,PARTANT,10,11,,pmu,2026-07-07 14:27
2026-07-07,R5,C1,CABOURG,D' AVRANCHES,MONTE,19:03,9,IBILI D'OCCAGNES,PARTANT,18,19,,pmu,2026-07-07 14:27
2026-07-07,R5,C1,CABOURG,D' AVRANCHES,MONTE,19:03,10,JUST BIRD,PARTANT,"2,4","2,4",,pmu,2026-07-07 14:27
2026-07-07,R5,C1,CABOURG,D' AVRANCHES,MONTE,19:03,11,IDYLLE COPAISE,PARTANT,5,"4,9",,pmu,2026-07-07 14:27
2026-07-07,R5,C2,CABOURG,DE BREHAL,ATTELE,19:33,1,LOWE DU BOUILLON,PARTANT,138,167,,pmu,2026-07-07 14:27
2026-07-07,R5,C2,CABOURG,DE BREHAL,ATTELE,19:33,2,MAKAO DE REVE D'OR,PARTANT,18,16,,pmu,2026-07-07 14:27
2026-07-07,R5,C2,CABOURG,DE BREHAL,ATTELE,19:33,3,MULTIPASS,PARTANT,15,17,,pmu,2026-07-07 14:27
2026-07-07,R5,C2,CABOURG,DE BREHAL,ATTELE,19:33,4,LOVELY PIYA,PARTANT,14,13,,pmu,2026-07-07 14:27
2026-07-07,R5,C2,CABOURG,DE BREHAL,ATTELE,19:33,5,LASTRONAUT DANOVER,PARTANT,52,46,,pmu,2026-07-07 14:27
2026-07-07,R5,C2,CABOURG,DE BREHAL,ATTELE,19:33,6,MY LOVE DU VIVIER,PARTANT,"6,4","6,5",,pmu,2026-07-07 14:27
2026-07-07,R5,C2,CABOURG,DE BREHAL,ATTELE,19:33,7,MARQUIS DU SAPHIR,PARTANT,"3,5","3,4",,pmu,2026-07-07 14:27
2026-07-07,R5,C2,CABOURG,DE BREHAL,ATTELE,19:33,8,LE BIG JANJAN,PARTANT,33,36,,pmu,2026-07-07 14:27
2026-07-07,R5,C2,CABOURG,DE BREHAL,ATTELE,19:33,9,MISTER ROYAL,PARTANT,18,17,,pmu,2026-07-07 14:27
2026-07-07,R5,C2,CABOURG,DE BREHAL,ATTELE,19:33,10,MY DREAM,PARTANT,"4,1","4,1",,pmu,2026-07-07 14:27
2026-07-07,R5,C2,CABOURG,DE BREHAL,ATTELE,19:33,11,MAESTRO DU VOYAGE,NP,,,,pmu,2026-07-07 14:27
2026-07-07,R5,C2,CABOURG,DE BREHAL,ATTELE,19:33,12,MAZAR DE VANDEL,PARTANT,16,18,,pmu,2026-07-07 14:27
2026-07-07,R5,C2,CABOURG,DE BREHAL,ATTELE,19:33,13,MYSTIC PARKER,PARTANT,249,301,,pmu,2026-07-07 14:27
2026-07-07,R5,C2,CABOURG,DE BREHAL,ATTELE,19:33,14,MAGIC INSTINCT,PARTANT,14,14,,pmu,2026-07-07 14:27
2026-07-07,R5,C2,CABOURG,DE BREHAL,ATTELE,19:33,15,LOU PRESTANCE,PARTANT,45,45,,pmu,2026-07-07 14:27
2026-07-07,R5,C2,CABOURG,DE BREHAL,ATTELE,19:33,16,MY DREAM DU GRAIS,PARTANT,37,38,,pmu,2026-07-07 14:27
2026-07-07,R5,C3,CABOURG,STE-M-DU-MONT,ATTELE,20:03,1,LA VITA VEETA,PARTANT,38,35,,pmu,2026-07-07 14:27
2026-07-07,R5,C3,CABOURG,STE-M-DU-MONT,ATTELE,20:03,2,LAMBADA MOIRE,PARTANT,42,28,,pmu,2026-07-07 14:27
2026-07-07,R5,C3,CABOURG,STE-M-DU-MONT,ATTELE,20:03,3,LUTECE D'AVIGNERE,PARTANT,22,25,,pmu,2026-07-07 14:27
2026-07-07,R5,C3,CABOURG,STE-M-DU-MONT,ATTELE,20:03,4,LUCIOLE DES ARRIS,PARTANT,"6,8","7,8",,pmu,2026-07-07 14:27
2026-07-07,R5,C3,CABOURG,STE-M-DU-MONT,ATTELE,20:03,5,LOLA DU MESNIL,PARTANT,"5,3","5,3",,pmu,2026-07-07 14:27
2026-07-07,R5,C3,CABOURG,STE-M-DU-MONT,ATTELE,20:03,6,LADY DE MELLERAY,PARTANT,39,47,,pmu,2026-07-07 14:27
2026-07-07,R5,C3,CABOURG,STE-M-DU-MONT,ATTELE,20:03,7,LAMILA LA HURETRY,PARTANT,42,46,,pmu,2026-07-07 14:27
2026-07-07,R5,C3,CABOURG,STE-M-DU-MONT,ATTELE,20:03,8,LAURE DE LORIOL,PARTANT,30,35,,pmu,2026-07-07 14:27
2026-07-07,R5,C3,CABOURG,STE-M-DU-MONT,ATTELE,20:03,9,LUMINEUSE WELL,PARTANT,"6,4","7,4",,pmu,2026-07-07 14:27
2026-07-07,R5,C3,CABOURG,STE-M-DU-MONT,ATTELE,20:03,10,LUNIDOLE,PARTANT,"9,2","9,9",,pmu,2026-07-07 14:27
2026-07-07,R5,C3,CABOURG,STE-M-DU-MONT,ATTELE,20:03,11,LERMINE D'OLIVERIE,PARTANT,29,37,,pmu,2026-07-07 14:27
2026-07-07,R5,C3,CABOURG,STE-M-DU-MONT,ATTELE,20:03,12,LIESVILE DU VIVIER,PARTANT,11,"6,9",,pmu,2026-07-07 14:27
2026-07-07,R5,C3,CABOURG,STE-M-DU-MONT,ATTELE,20:03,13,LOLITA,PARTANT,30,35,,pmu,2026-07-07 14:27
2026-07-07,R5,C3,CABOURG,STE-M-DU-MONT,ATTELE,20:03,14,LINEA DE L'ALBA,PARTANT,13,14,,pmu,2026-07-07 14:27
2026-07-07,R5,C3,CABOURG,STE-M-DU-MONT,ATTELE,20:03,15,LISA MARIA,PARTANT,"5,9","5,7",,pmu,2026-07-07 14:27
2026-07-07,R5,C4,CABOURG,DU SAP,MONTE,20:33,1,KISS ME DE CORTEM,PARTANT,64,64,,pmu,2026-07-07 14:27
2026-07-07,R5,C4,CABOURG,DU SAP,MONTE,20:33,2,KENAVO RUSH,PARTANT,9,"9,9",,pmu,2026-07-07 14:27
2026-07-07,R5,C4,CABOURG,DU SAP,MONTE,20:33,3,KODAC DE FIERVILLE,PARTANT,12,"8,2",,pmu,2026-07-07 14:27
2026-07-07,R5,C4,CABOURG,DU SAP,MONTE,20:33,4,KORA DE BLARY,PARTANT,43,49,,pmu,2026-07-07 14:27
2026-07-07,R5,C4,CABOURG,DU SAP,MONTE,20:33,5,KALLISTO DE LASTEL,PARTANT,12,13,,pmu,2026-07-07 14:27
2026-07-07,R5,C4,CABOURG,DU SAP,MONTE,20:33,6,KAID DES CHAMPS,PARTANT,11,14,,pmu,2026-07-07 14:27
2026-07-07,R5,C4,CABOURG,DU SAP,MONTE,20:33,7,KANARDO FOR CLARA,PARTANT,"5,3","5,9",,pmu,2026-07-07 14:27
2026-07-07,R5,C4,CABOURG,DU SAP,MONTE,20:33,8,KADOR DELO,PARTANT,"5,9","6,3",,pmu,2026-07-07 14:27
2026-07-07,R5,C4,CABOURG,DU SAP,MONTE,20:33,9,KALMIA DES NOES,PARTANT,19,18,,pmu,2026-07-07 14:27
2026-07-07,R5,C4,CABOURG,DU SAP,MONTE,20:33,10,KARALY,PARTANT,12,12,,pmu,2026-07-07 14:27
2026-07-07,R5,C4,CABOURG,DU SAP,MONTE,20:33,11,KARINE DU DOLLAR,PARTANT,33,38,,pmu,2026-07-07 14:27
2026-07-07,R5,C4,CABOURG,DU SAP,MONTE,20:33,12,KIVIANA,PARTANT,28,31,,pmu,2026-07-07 14:27
2026-07-07,R5,C4,CABOURG,DU SAP,MONTE,20:33,13,KENNEDY TEXAN,PARTANT,11,"7,6",,pmu,2026-07-07 14:27
2026-07-07,R5,C4,CABOURG,DU SAP,MONTE,20:33,14,KAP NORMAND,PARTANT,30,35,,pmu,2026-07-07 14:27
2026-07-07,R5,C4,CABOURG,DU SAP,MONTE,20:33,15,KEOPS DE CASTELLE,PARTANT,10,11,,pmu,2026-07-07 14:27
2026-07-07,R5,C5,CABOURG,DE DOZULE,ATTELE,21:03,1,MARSTON VICTORY,PARTANT,15,17,,pmu,2026-07-07 14:27
2026-07-07,R5,C5,CABOURG,DE DOZULE,ATTELE,21:03,2,MYTHIQUE GEMA,PARTANT,"4,2","4,1",,pmu,2026-07-07 14:27
2026-07-07,R5,C5,CABOURG,DE DOZULE,ATTELE,21:03,3,MUGARITZ,PARTANT,6,"6,1",,pmu,2026-07-07 14:27
2026-07-07,R5,C5,CABOURG,DE DOZULE,ATTELE,21:03,4,MARQUIS D'ENFER,PARTANT,8,"8,1",,pmu,2026-07-07 14:27
2026-07-07,R5,C5,CABOURG,DE DOZULE,ATTELE,21:03,5,MAESTRO D'IDEF,PARTANT,"9,7","9,2",,pmu,2026-07-07 14:27
2026-07-07,R5,C5,CABOURG,DE DOZULE,ATTELE,21:03,6,MAESTRO BILOU,PARTANT,19,14,,pmu,2026-07-07 14:27
2026-07-07,R5,C5,CABOURG,DE DOZULE,ATTELE,21:03,7,MAESTRO ECUS,PARTANT,10,11,,pmu,2026-07-07 14:27
2026-07-07,R5,C5,CABOURG,DE DOZULE,ATTELE,21:03,8,MY MILLION ATOUT,PARTANT,17,19,,pmu,2026-07-07 14:27
2026-07-07,R5,C5,CABOURG,DE DOZULE,ATTELE,21:03,9,MYSTERE DES ARRIS,PARTANT,"8,8","8,8",,pmu,2026-07-07 14:27
2026-07-07,R5,C5,CABOURG,DE DOZULE,ATTELE,21:03,10,MAGIC GARLINOIS,PARTANT,21,20,,pmu,2026-07-07 14:27
2026-07-07,R5,C5,CABOURG,DE DOZULE,ATTELE,21:03,11,MY KLY ERA,PARTANT,43,41,,pmu,2026-07-07 14:27
2026-07-07,R5,C5,CABOURG,DE DOZULE,ATTELE,21:03,12,MYSTIC D'AVE,PARTANT,70,70,,pmu,2026-07-07 14:27
2026-07-07,R5,C5,CABOURG,DE DOZULE,ATTELE,21:03,13,MILTON DU CHATELET,PARTANT,24,28,,pmu,2026-07-07 14:27
2026-07-07,R5,C5,CABOURG,DE DOZULE,ATTELE,21:03,14,MUST PLEIN CHENE,PARTANT,34,37,,pmu,2026-07-07 14:27
2026-07-07,R5,C6,CABOURG,DE DOMFRONT,ATTELE,21:33,1,NIGHT ERCA,PARTANT,32,41,,pmu,2026-07-07 14:27
2026-07-07,R5,C6,CABOURG,DE DOMFRONT,ATTELE,21:33,2,NEMESIA,PARTANT,12,15,,pmu,2026-07-07 14:27
2026-07-07,R5,C6,CABOURG,DE DOMFRONT,ATTELE,21:33,3,NUITEE D'AMOUR,PARTANT,"6,7","7,4",,pmu,2026-07-07 14:27
2026-07-07,R5,C6,CABOURG,DE DOMFRONT,ATTELE,21:33,4,NACRE DE MOUTIERS,PARTANT,"5,2","5,4",,pmu,2026-07-07 14:27
2026-07-07,R5,C6,CABOURG,DE DOMFRONT,ATTELE,21:33,5,NOA BY STEED,PARTANT,13,14,,pmu,2026-07-07 14:27
2026-07-07,R5,C6,CABOURG,DE DOMFRONT,ATTELE,21:33,6,NOORDZEE,PARTANT,"3,3","2,7",,pmu,2026-07-07 14:27
2026-07-07,R5,C6,CABOURG,DE DOMFRONT,ATTELE,21:33,7,NOBLE AVENUE,PARTANT,15,15,,pmu,2026-07-07 14:27
2026-07-07,R5,C6,CABOURG,DE DOMFRONT,ATTELE,21:33,8,NEBELINE LEMAN,PARTANT,70,83,,pmu,2026-07-07 14:27
2026-07-07,R5,C6,CABOURG,DE DOMFRONT,ATTELE,21:33,9,NO ONE DE SOUVELLE,PARTANT,19,21,,pmu,2026-07-07 14:27
2026-07-07,R5,C6,CABOURG,DE DOMFRONT,ATTELE,21:33,10,NACOMA RUN,PARTANT,15,17,,pmu,2026-07-07 14:27
2026-07-07,R5,C6,CABOURG,DE DOMFRONT,ATTELE,21:33,11,NASHWA,NP,,,,pmu,2026-07-07 14:27
2026-07-07,R5,C6,CABOURG,DE DOMFRONT,ATTELE,21:33,12,NO LIMIT ERCA,PARTANT,23,26,,pmu,2026-07-07 14:27
2026-07-07,R5,C6,CABOURG,DE DOMFRONT,ATTELE,21:33,13,NIEBLA,PARTANT,26,31,,pmu,2026-07-07 14:27
2026-07-07,R5,C6,CABOURG,DE DOMFRONT,ATTELE,21:33,14,NORMA DE CAHOT,PARTANT,14,14,,pmu,2026-07-07 14:27
2026-07-07,R5,C7,CABOURG,EQUIDAYS,MONTE,22:03,1,MONDIAL,PARTANT,13,14,,pmu,2026-07-07 14:27
2026-07-07,R5,C7,CABOURG,EQUIDAYS,MONTE,22:03,2,MISTRAL CHATAULT,PARTANT,42,41,,pmu,2026-07-07 14:27
2026-07-07,R5,C7,CABOURG,EQUIDAYS,MONTE,22:03,3,MOJITO PLANCHETTE,PARTANT,15,16,,pmu,2026-07-07 14:27
2026-07-07,R5,C7,CABOURG,EQUIDAYS,MONTE,22:03,4,MEMPHIS DE VAL,PARTANT,"4,8","4,4",,pmu,2026-07-07 14:27
2026-07-07,R5,C7,CABOURG,EQUIDAYS,MONTE,22:03,5,MAHARADJAH ROYAL,PARTANT,17,18,,pmu,2026-07-07 14:27
2026-07-07,R5,C7,CABOURG,EQUIDAYS,MONTE,22:03,6,MOONLIGHT QUANDO,PARTANT,13,14,,pmu,2026-07-07 14:27
2026-07-07,R5,C7,CABOURG,EQUIDAYS,MONTE,22:03,7,MON TWIST,PARTANT,10,12,,pmu,2026-07-07 14:27
2026-07-07,R5,C7,CABOURG,EQUIDAYS,MONTE,22:03,8,MINIMUM,PARTANT,8,"6,4",,pmu,2026-07-07 14:27
2026-07-07,R5,C7,CABOURG,EQUIDAYS,MONTE,22:03,9,MATRIX SAUTREUIL,PARTANT,20,23,,pmu,2026-07-07 14:27
2026-07-07,R5,C7,CABOURG,EQUIDAYS,MONTE,22:03,10,MAC GYVER,PARTANT,"5,7","6,1",,pmu,2026-07-07 14:27
2026-07-07,R5,C7,CABOURG,EQUIDAYS,MONTE,22:03,11,MY SUN DRALIAM,PARTANT,"5,9","6,2",,pmu,2026-07-07 14:27
2026-07-07,R5,C7,CABOURG,EQUIDAYS,MONTE,22:03,12,MOJITO DE LA BUTTE,PARTANT,18,17,,pmu,2026-07-07 14:27
2026-07-07,R5,C8,CABOURG,CLAIREFONTAINE,ATTELE,22:30,1,JOVIAL DE VENEL,PARTANT,23,24,,pmu,2026-07-07 14:27
2026-07-07,R5,C8,CABOURG,CLAIREFONTAINE,ATTELE,22:30,2,JIVAGO TURGOT,PARTANT,43,56,,pmu,2026-07-07 14:27
2026-07-07,R5,C8,CABOURG,CLAIREFONTAINE,ATTELE,22:30,3,JUBEO VEDAQUAIS,PARTANT,10,12,,pmu,2026-07-07 14:27
2026-07-07,R5,C8,CABOURG,CLAIREFONTAINE,ATTELE,22:30,4,KIPLING IRON,PARTANT,73,94,,pmu,2026-07-07 14:27
2026-07-07,R5,C8,CABOURG,CLAIREFONTAINE,ATTELE,22:30,5,KOM KHALEESI,PARTANT,"6,3","5,2",,pmu,2026-07-07 14:27
2026-07-07,R5,C8,CABOURG,CLAIREFONTAINE,ATTELE,22:30,6,JOKER DU RANCH,PARTANT,52,63,,pmu,2026-07-07 14:27
2026-07-07,R5,C8,CABOURG,CLAIREFONTAINE,ATTELE,22:30,7,JOESTAR DES NOES,PARTANT,17,20,,pmu,2026-07-07 14:27
2026-07-07,R5,C8,CABOURG,CLAIREFONTAINE,ATTELE,22:30,8,KALYPSO DREAM,PARTANT,"7,5","7,9",,pmu,2026-07-07 14:27
2026-07-07,R5,C8,CABOURG,CLAIREFONTAINE,ATTELE,22:30,9,KAILASH ARCTIC,PARTANT,13,"8,3",,pmu,2026-07-07 14:27
2026-07-07,R5,C8,CABOURG,CLAIREFONTAINE,ATTELE,22:30,10,IROISE DES BAULTS,PARTANT,25,15,,pmu,2026-07-07 14:27
2026-07-07,R5,C8,CABOURG,CLAIREFONTAINE,ATTELE,22:30,11,JADE FOR EVER,PARTANT,43,46,,pmu,2026-07-07 14:27
2026-07-07,R5,C8,CABOURG,CLAIREFONTAINE,ATTELE,22:30,12,KATIA DE MUZE,PARTANT,"9,3",11,,pmu,2026-07-07 14:27
2026-07-07,R5,C8,CABOURG,CLAIREFONTAINE,ATTELE,22:30,13,INCOGNITO,PARTANT,12,15,,pmu,2026-07-07 14:27
2026-07-07,R5,C8,CABOURG,CLAIREFONTAINE,ATTELE,22:30,14,HARIBELLE DANOVER,PARTANT,69,68,,pmu,2026-07-07 14:27
2026-07-07,R5,C8,CABOURG,CLAIREFONTAINE,ATTELE,22:30,15,ISMIR DE L'ORMERIE,PARTANT,10,12,,pmu,2026-07-07 14:27
2026-07-07,R5,C8,CABOURG,CLAIREFONTAINE,ATTELE,22:30,16,IRON MAN,PARTANT,"5,1","5,5",,pmu,2026-07-07 14:27